{
	"tips": [
		"请务必遵守.json文件格式的语法,否则会报错.",
		"本文件中所有速度单位均为 ms/cmd ,1s=1000ms",
		"若run_mcfunc为true,则按mcfunc_speed速度顺序执行mc_cmds中的指令,若false则不执行; run_cmd同理",
		"mcfunction的默认路径为./mcfuns",
		"function和cmd的执行顺序:同步执行.",
		"mcfunc_interval: 多个mcfunc文件的执行间隔(单位: ms/mcfunction)",
		"msg为自定义的指令",
		"本文件实时加载，修改后无需重启",
		"该数组(tips)可任意修改或删除."
	],
	"replace":{
		"mcfunc":["%PLAYER%","playername","ohhhh"],
		"mccmd":["%PLAYER%","playername","wdnmd"],
		"time":["%TIME%","time_now"],
		"command":["%COMMAND%","playermessage"],
		"tip":"elements in array in mccmd/mcfunctions will be replaced to playername/time/command."
	},
	"value": [


		{
			"msg": "test",
			"run_mcfunc": true,
			"mcfunc_speed": 10,
			"mcfunc_interval": 2000,
			"run_cmd": true,
			"mc_cmd_speed": 1000,
			"mcfunc_files": [
				"xxxxxx.mcfunction",
				"xxxx.mcfunction",
				"xxxxx.mcfunction"
			],
			"mc_cmds": [
				"say 3",
				"say 2",
				"say 1"
			]

		},


		{
			"msg": "cmd1",
			"run_mcfunc": true,
			"mcfunc_speed": 1000,
			"mcfunc_interval": 1000,
			"run_cmd": true,
			"mc_cmd_speed": 20,
			"mcfunc_files": [
				"xxxx.mcfunction"
			],
			"mc_cmds": [
				"say 1"
			]

		},


		{
			"msg": "cmd2",
			"run_mcfunc": true,
			"mcfunc_speed": 1000,
			"mcfunc_interval": 1000,
			"run_cmd": true,
			"mc_cmd_speed": 20,
			"mcfunc_files": [
				"xxxx.mcfunction"
			],
			"mc_cmds": [
				"say 1"
			]

		},
		
		{
			"msg": "replace",
			"run_mcfunc": true,
			"mcfunc_speed": 1000,
			"mcfunc_interval": 1000,
			"run_cmd": true,
			"mc_cmd_speed": 1000,
			"mcfunc_files": [
				"xxxx.mcfunction"
			],
			"mc_cmds": [
				"say %TIME% i am wdnmd ,%PLAYER% is comming! \nCMD: %COMMAND%"
			]

		}


	]

}