{
    "value": [
        [
            "Tip: ",
            " trigger为触发的指令",
            " commands为执行的指令",
            " sleep为触发一条指令后暂停的时间(单位:毫秒)",
            " %%INDEX-数字%% 在执行时会自动替换为玩家发送的消息"
        ],
        {
            "trigger": "fc",
            "commands": [
                {
                    "cmd": "say %%INDEX-1%%Ohhhhhh",
                    "sleep": 1000
                },
                {
                    "cmd": "say %%INDEX-1%% OHHHH %%INDEX-2%%",
                    "sleep": 1000
                },
                {
                    "cmd": "say %%INDEX-1%%O9999 %%INDEX-3%%",
                    "sleep": 0
                }
            ],
            "tip": "注: 当玩家执行fc a b时, 系统会发送aOhhhhhh，aOHHHHb，aO9999  "
        },

        {
            "trigger": "effect",
            "commands": [
                {
                    "cmd": "effect @s %%INDEX-1%% 10 10 false",
                    "sleep": 100
                },
                {
                    "cmd": "effect @s %%INDEX-2%% 10 10 false",
                    "sleep": 200
                },
                {
                    "cmd": "",
                    "sleep": 0
                }
            ],
            "tip": "注: 当玩家执行effect strength invisibility时，会获得10秒力量X和10秒隐身."
        },
        
        {
            "trigger": "lalala",
            "commands": [
                {
                    "cmd": "effect @s invisibility 10 1 false",
                    "sleep": 0
                }
            ],
            "tip": "注: 当玩家执行lalala时，会获得10秒隐身效果."
        }
    ]
}